time,open,high,low,close
2026-10-07T09:30:00-04:00,1.95,2.17,1.70,1.70
2026-10-07T09:35:00-04:00,1.67,1.72,1.19,1.25
2026-10-07T09:40:00-04:00,1.26,1.42,1.14,1.27
2026-10-07T09:45:00-04:00,1.27,1.37,1.02,1.08
2026-10-07T09:50:00-04:00,1.07,1.36,1.06,1.34
2026-10-07T09:55:00-04:00,1.33,1.40,1.14,1.20
2026-10-07T10:00:00-04:00,1.19,1.21,0.94,1.05
2026-10-07T10:05:00-04:00,1.05,1.09,0.87,1.00
2026-10-07T10:10:00-04:00,1.00,1.01,0.82,0.91
2026-10-07T10:15:00-04:00,0.91,1.09,0.80,1.06
2026-10-07T10:20:00-04:00,1.07,1.19,0.96,1.06
2026-10-07T10:25:00-04:00,1.06,1.18,0.83,0.92
2026-10-07T10:30:00-04:00,0.91,1.08,0.81,0.93
2026-10-07T10:35:00-04:00,0.93,1.02,0.85,0.96
2026-10-07T10:40:00-04:00,0.97,1.01,0.67,0.68
2026-10-07T10:45:00-04:00,0.68,0.73,0.59,0.64
2026-10-07T10:50:00-04:00,0.63,0.71,0.56,0.69
2026-10-07T10:55:00-04:00,0.69,0.84,0.66,0.81
2026-10-07T11:00:00-04:00,0.80,0.81,0.58,0.65
2026-10-07T11:05:00-04:00,0.66,0.82,0.66,0.79
2026-10-07T11:10:00-04:00,0.78,1.22,0.75,0.94
2026-10-07T11:15:00-04:00,0.94,1.13,0.87,0.95
2026-10-07T11:20:00-04:00,0.94,0.98,0.76,0.89
2026-10-07T11:25:00-04:00,0.90,0.96,0.81,0.87
2026-10-07T11:30:00-04:00,0.87,1.04,0.84,0.99
2026-10-07T11:35:00-04:00,0.98,1.52,0.98,1.40
2026-10-07T11:40:00-04:00,1.40,1.59,1.33,1.52
2026-10-07T11:45:00-04:00,1.51,1.88,1.49,1.74
2026-10-07T11:50:00-04:00,1.73,2.00,1.68,1.73
2026-10-07T11:55:00-04:00,1.71,1.87,1.63,1.75
2026-10-07T12:00:00-04:00,1.70,1.90,1.40,1.69
2026-10-07T12:05:00-04:00,1.67,1.98,1.64,1.87
2026-10-07T12:10:00-04:00,1.87,1.98,1.76,1.96
2026-10-07T12:15:00-04:00,1.95,1.98,1.77,1.92
2026-10-07T12:20:00-04:00,1.91,2.16,1.87,2.03
2026-10-07T12:25:00-04:00,2.05,2.06,1.95,1.99
2026-10-07T12:30:00-04:00,1.98,2.13,1.83,1.98
2026-10-07T12:35:00-04:00,1.96,2.01,1.69,1.70
2026-10-07T12:40:00-04:00,1.71,1.80,1.65,1.80
2026-10-07T12:45:00-04:00,1.80,2.11,1.70,1.79
2026-10-07T12:50:00-04:00,1.81,1.93,1.63,1.69
2026-10-07T12:55:00-04:00,1.67,1.76,1.56,1.68
2026-10-07T13:00:00-04:00,1.60,2.37,1.48,1.90
2026-10-07T13:05:00-04:00,1.89,2.54,1.85,2.42
2026-10-07T13:10:00-04:00,2.42,2.52,2.20,2.43
2026-10-07T13:15:00-04:00,2.45,2.62,2.20,2.56
2026-10-07T13:20:00-04:00,2.59,2.81,2.57,2.73
2026-10-07T13:25:00-04:00,2.72,2.80,2.39,2.44
2026-10-07T13:30:00-04:00,2.44,2.62,2.37,2.60
2026-10-07T13:35:00-04:00,2.61,2.61,2.31,2.42
2026-10-07T13:40:00-04:00,2.41,2.58,2.29,2.56
2026-10-07T13:45:00-04:00,2.56,2.80,2.54,2.59
2026-10-07T13:50:00-04:00,2.55,2.57,2.34,2.34
2026-10-07T13:55:00-04:00,2.35,2.46,2.24,2.39
2026-10-07T14:00:00-04:00,2.36,2.53,2.07,2.48
2026-10-07T14:05:00-04:00,2.53,2.81,2.49,2.54
2026-10-07T14:10:00-04:00,2.55,2.64,2.36,2.44
2026-10-07T14:15:00-04:00,2.47,2.58,2.41,2.51
2026-10-07T14:20:00-04:00,2.52,2.52,2.35,2.47
2026-10-07T14:25:00-04:00,2.50,2.71,2.32,2.57
2026-10-07T14:30:00-04:00,2.57,2.76,2.49,2.55
2026-10-07T14:35:00-04:00,2.57,2.62,2.21,2.35
2026-10-07T14:40:00-04:00,2.35,2.55,2.29,2.49
2026-10-07T14:45:00-04:00,2.55,2.56,2.42,2.48
2026-10-07T14:50:00-04:00,2.50,2.62,2.42,2.55
2026-10-07T14:55:00-04:00,2.62,2.84,2.59,2.67
2026-10-07T15:00:00-04:00,2.70,2.94,2.24,2.37
2026-10-07T15:05:00-04:00,2.35,2.52,2.18,2.44
2026-10-07T15:10:00-04:00,2.39,2.48,2.24,2.26
2026-10-07T15:15:00-04:00,2.28,2.34,2.09,2.21
2026-10-07T15:20:00-04:00,2.27,2.30,2.00,2.25
2026-10-07T15:25:00-04:00,2.29,2.35,2.07,2.09
2026-10-07T15:30:00-04:00,2.06,2.22,2.03,2.15
2026-10-07T15:35:00-04:00,2.14,2.21,1.91,1.91
2026-10-07T15:40:00-04:00,1.93,2.32,1.85,2.28
2026-10-07T15:45:00-04:00,2.26,2.28,1.88,1.99
2026-10-07T15:50:00-04:00,1.99,2.42,1.99,2.39
2026-10-07T15:55:00-04:00,2.47,2.59,2.11,2.11
